[{"layerType":"input","shapeIn":784,"shapeOut":784,"activation":null,"learningRateProvider":null,"weightFile":null,"biasFile":null},{"layerType":"dense","shapeIn":784,"shapeOut":512,"activation":"RELU","learningRateProvider":{"type":"constant","learningRate":0.015},"weightFile":"layer0_weights.bin","biasFile":"layer0_biases.bin"},{"layerType":"output","shapeIn":512,"shapeOut":10,"activation":"SOFTMAXX","learningRateProvider":{"type":"constant","learningRate":0.015},"weightFile":"output_weights.bin","biasFile":"output_biases.bin"}]